Item_Outlet_Sales,prediction,residuals
1670.4922,1364.971889055528,305.52031094447193
1927.491,1357.6735791471706,569.8174208528294
2048.6666,1794.0348828671165,254.63171713288352
361.5294,1618.4819392455342,-1256.9525392455344
2253.0672,2290.250717838041,-37.1835178380411
1995.4026,505.3286416408073,1490.0739583591926
539.298,627.5258896620741,-88.22788966207406
2956.152,2544.2883363543756,411.86366364562446
2059.9852,2158.8175134138073,-98.83231341380724
4781.7756,3619.5951916148965,1162.1804083851034
3231.1274,2004.0505271777552,1227.0768728222447
561.9352,2031.8796157482388,-1469.944415748239
3588.662,2859.7844501407367,728.8775498592631
2609.936,2636.1476353566536,-26.21163535665346
2352.9372,1995.6566404959644,357.2805595040354
5944.2624,3666.976343138121,2277.2860568618785
852.224,1136.046105535388,-283.822105535388
211.7244,2056.390218612379,-1844.665818612379
70.5748,832.4089787933107,-761.8341787933107
2332.9632,1741.193337622714,591.7698623772862
2293.0152,2770.252613795746,-477.2374137957463
2388.8904,3003.7175011800637,-614.8271011800634
2648.5524,1168.291232928061,1480.261167071939
2954.1546,1354.9732501629223,1599.1813498370775
53.9298,468.39540388327725,-414.46560388327725
1709.1086,1928.5311294435842,-219.42252944358415
2010.716,1651.8044671727891,358.91153282721075
2748.4224,2444.837748899617,303.58465110038287
858.882,2347.0030156987714,-1488.1210156987713
796.2968,2929.5633670352922,-2133.266567035292
3169.208,3030.526870609933,138.68112939006687
2311.6576,2130.305636801602,181.35196319839815
2022.7004,1860.0359043682597,162.66449563174024
2247.075,1508.9995496774834,738.0754503225164
1657.842,2642.3233692673302,-984.4813692673301
3339.6528,1358.9543757149336,1980.6984242850663
639.168,1101.679502630809,-462.5115026308091
1725.7536,805.1305165265209,920.6230834734791
1045.306,1790.4151921107573,-745.1091921107572
1198.44,2491.453619956958,-1293.0136199569579
449.415,2085.828268331759,-1636.413268331759
2330.3,2527.300616287384,-197.00061628738376
4380.2982,4033.955695605119,346.34250439488096
9275.9256,3922.4047105920654,5353.520889407935
2055.9904,3766.8493581875778,-1710.8589581875776
1587.933,2525.002163653043,-937.0691636530432
1374.2112,1802.365285963709,-428.1540859637091
1259.6936,1711.025456543698,-451.331856543698
656.4788,214.36798654839538,442.1108134516046
540.6296,498.2213700336692,42.408229966330794
790.9704,4153.260001800484,-3362.289601800484
1406.1696,1438.8431672635863,-32.67356726358639
719.064,3005.591172594915,-2286.527172594915
1977.426,2730.325394896493,-752.899394896493
4853.682,2967.458591089624,1886.2234089103758
175.7712,1615.6135027007995,-1439.8423027007996
1338.258,824.5152251490707,513.7427748509293
2037.348,2460.389789024128,-423.04178902412787
1018.674,2473.0651281192163,-1454.3911281192163
323.5788,2392.878562805393,-2069.2997628053927
1491.392,2402.1478303283634,-910.7558303283633
2087.9488,2479.6518203114224,-391.7030203114223
6852.4136,3541.4265486985864,3310.9870513014134
492.692,725.3755145559645,-232.6835145559645
1478.076,932.0201929968232,546.0558070031768
356.8688,663.7106549377787,-306.8418549377787
563.2668,3295.3730158958297,-2732.10621589583
2195.8084,1589.0899639588704,606.7184360411295
1549.9824,1755.5361888117454,-205.55378881174533
645.826,1843.9837746095986,-1198.1577746095986
331.5684,815.7334099225536,-484.1650099225536
4604.6728,2963.979157043887,1640.6936429561133
1230.3984,1978.116263190203,-747.7178631902029
1537.998,2049.1560729263992,-511.1580729263992
153.7998,1924.8367839280504,-1771.0369839280504
5592.72,2668.3042389415587,2924.4157610584416
2406.867,2531.7368493837585,-124.86984938375826
913.4776,1970.0250186452913,-1056.5474186452911
624.5204,149.43561460158628,475.0847853984137
1159.8236,389.568533398175,770.2550666018249
1025.9978,300.38754727845543,725.6102527215446
1358.232,1640.661252343717,-282.42925234371705
1102.5648,1225.8466885427124,-123.2818885427123
1225.072,624.2087327096193,600.8632672903806
1225.072,818.550792058194,406.52120794180587
539.298,589.3714068359856,-50.073406835985566
1379.5376,1637.3821296398532,-257.84452963985314
852.224,3247.204453470198,-2394.980453470198
1534.0032,1834.723169321901,-300.71996932190086
1534.0032,1078.5530347340168,455.4501652659833
4514.124,3635.8060129810424,878.3179870189574
517.9924,3911.967829074286,-3393.975429074286
258.9962,4409.618075859015,-4150.621875859016
2103.928,3883.3018445009384,-1779.3738445009385
2103.928,3883.2094101981543,-1779.2814101981544
2418.1856,2659.6484613452567,-241.4628613452569
2431.5016,1766.483453046877,665.018146953123
1395.5168,1401.5835133822316,-6.066713382231455
2079.9592,1288.8750754401053,791.0841245598945
283.6308,1178.0420752870232,-894.4112752870232
942.7728,873.475109494792,69.29769050520792
78.5644,859.2765134393042,-780.7121134393042
2083.2882,1319.3407789232049,763.9474210767951
1151.1682,2504.5864663241405,-1353.4182663241404
1165.15,174.98444651404628,990.1655534859538
838.908,464.7260583834315,374.1819416165685
1118.544,360.47263327925117,758.071366720749
490.0288,1079.073689459452,-589.044889459452
1784.344,2606.982451544232,-822.6384515442319
3582.004,2722.83366110943,859.1703388905698
2328.3026,2835.0067153141736,-506.7041153141736
358.2004,2909.1200612100392,-2550.919661210039
1757.712,1741.5303586376285,16.181641362371465
1406.1696,1929.7995360061518,-523.6299360061519
2460.7968,2061.1194024424376,399.6773975575625
262.3252,2060.4198130739146,-1798.0946130739146
131.1626,2098.947949353499,-1967.785349353499
2396.88,1512.497011722327,884.3829882776731
2916.204,2407.3834023777217,508.82059762227846
264.9884,3752.043440697961,-3487.055040697961
3103.9596,2140.9727435315776,962.9868564684225
601.2174,910.4560430766688,-309.23864307666884
2050.664,1671.2151914172664,379.4488085827338
2514.0608,2369.936149069534,144.12465093046603
1099.9016,2530.0255979721533,-1430.1239979721533
4399.6064,2693.7691417152223,1705.8372582847774
4247.804,2864.153747906259,1383.650252093741
3338.3212,1987.265927715071,1351.0552722849288
964.0784,2023.2901588845043,-1059.2117588845044
602.549,2066.339807387234,-1463.790807387234
1929.4884,876.3167153410889,1053.171684658911
2619.2572,2850.3633125411857,-231.10611254118567
4756.4752,3582.9498245544737,1173.5253754455262
57.2588,1423.4527095166686,-1366.1939095166686
3828.35,2389.85166763219,1438.4983323678098
1446.1176,2216.706987999976,-770.5893879999758
834.9132,441.6419843672255,393.27121563277444
75.9012,743.4814699805426,-667.5802699805425
296.9468,2368.7828001465946,-2071.8360001465944
1780.3492,1762.6935975578554,17.655602442144755
844.2344,3486.296820280225,-2642.0624202802246
1180.4634,2013.188969125973,-832.7255691259729
2125.2336,1097.3252412840911,1027.908358715909
1235.059,2645.4932231230373,-1410.4342231230373
2117.244,2627.3843042969233,-510.1403042969232
2210.456,3306.5518521382373,-1096.0958521382372
3861.64,2674.995649897313,1186.644350102687
1120.5414,1157.6370205664011,-37.09562056640107
545.2902,234.27311785949746,311.01708214050257
251.6724,362.3645734322664,-110.6921734322664
1342.2528,1760.069766134145,-417.8169661341451
958.752,1395.1853373179829,-436.43333731798293
1211.756,1831.1999327435165,-619.4439327435164
2050.664,1732.5330257566275,318.13097424337275
5890.9984,3212.754625006353,2678.2437749936475
9779.9362,3809.194391417678,5970.741808582322
1046.6376,4423.525079184649,-3376.8874791846492
3904.917,3385.966470124475,518.9505298755248
6201.927,3608.321920294995,2593.6050797050048
4915.6014,3218.435312463039,1697.1660875369607
427.4436,3416.1022791970295,-2988.6586791970294
2542.0244,1148.8677150720291,1393.1566849279707
1989.4104,1436.882147856309,552.5282521436909
663.1368,1508.2007883905926,-845.0639883905926
195.7452,1840.7585595786227,-1645.0133595786226
1314.2892,1050.2198764812824,264.0693235187175
1314.2892,1080.4106812247549,233.87851877524508
1561.9668,1136.6838856509044,425.28291434909556
183.7608,1212.2136086652722,-1028.4528086652722
1230.3984,1494.761639759136,-264.3632397591359
2189.1504,1113.506797372643,1075.643602627357
1094.5752,1391.9871121551944,-297.4119121551944
1459.4336,1247.669879097476,211.76372090252403
3327.6684,2758.7893140656142,568.8790859343858
4042.7376,2649.9828900421685,1392.7547099578314
2024.032,1003.4165441072233,1020.6154558927766
639.168,1292.505666635869,-653.3376666358689
890.8404,2596.3454032411596,-1705.5050032411596
1930.1542,2119.908091332173,-189.75389133217323
6048.793,4375.5915415452955,1673.2014584547042
525.982,4620.169635696274,-4094.187635696274
4996.829,4183.872484243583,812.9565157564166
3681.874,4269.165268195299,-587.2912681952994
3131.9232,3318.805373818043,-186.8821738180427
982.7208,1594.1969563180262,-611.4761563180261
585.904,960.6650113849468,-374.76101138494676
1036.6506,1564.334230805655,-527.683630805655
2527.3768,1607.6633820175207,919.7134179824793
291.6204,1884.068844693776,-1592.448444693776
3163.8816,1942.2691902556285,1221.6124097443717
2769.728,2213.217348558454,556.5106514415461
3115.944,2469.317463684248,646.6265363157518
2250.404,2491.092862005351,-240.68886200535098
2246.4092,2583.387994833368,-336.97879483336783
670.4606,175.08861462508486,495.37198537491514
35.2874,-87.61728525242302,122.90468525242301
230.3668,1804.5344019947056,-1574.1676019947056
3340.3186,1708.3806418266363,1631.9379581733638
1969.4364,1454.517652511006,514.9187474889941
2664.5316,1654.7925303613265,1009.7390696386733
1506.0396,1766.4335421321528,-260.3939421321527
1761.7068,2891.8054882185634,-1130.0986882185634
1957.452,2565.526690465939,-608.0746904659388
1864.24,2065.13212001646,-200.89212001645978
181.0976,1662.6716024659318,-1481.5740024659317
814.9392,1684.1018676973022,-869.1626676973021
1366.2216,1471.1053398696279,-104.88373986962779
2618.5914,1451.4119718397837,1167.179428160216
1611.236,2134.1911732605504,-522.9551732605503
3251.7672,2090.1963170074105,1161.5708829925893
3185.853,1582.1410350724245,1603.7119649275755
459.402,2493.6380220785395,-2034.2360220785395
2006.7212,1325.5911811855312,681.1300188144687
969.4048,4080.9873308023502,-3111.5825308023504
545.2902,779.6855787503214,-234.39537875032136
229.0352,1002.5675465419675,-773.5323465419675
3395.58,3317.458753935259,78.12124606474072
3169.208,3316.466896816861,-147.25889681686112
4074.696,3521.641842578371,553.054157421629
3848.324,3637.0467426393166,211.2772573606835
2037.348,3536.5489649738834,-1499.2009649738834
1677.816,934.3796776073067,743.4363223926933
547.2876,1501.6885612657316,-954.4009612657316
3739.1328,2532.3477627455272,1206.7850372544726
4233.1564,3754.568585820458,478.58781417954197
2241.0828,3766.046977896935,-1524.9641778969349
5015.4714,2841.200804504819,2174.270595495181
185.7582,3348.853438502245,-3163.0952385022447
4512.1266,2255.858566197866,2256.2680338021337
1035.319,2961.4863429005864,-1926.1673429005864
1656.5104,2964.470123804288,-1307.9597238042882
451.4124,1149.7991985795452,-698.3867985795453
4274.436,3412.557690374169,861.8783096258308
4314.384,3493.7278877589224,820.6561122410776
2934.8464,2360.7559372330784,574.0904627669215
308.9312,2373.825725001003,-2064.894525001003
5317.0788,3384.3241752222925,1932.7546247777077
6042.135,3405.7590174697375,2636.3759825302627
2542.0244,1394.388081347867,1147.6363186521328
5942.265,3751.3097450029713,2190.955254997029
4040.7402,3847.4760939678167,193.26410603218346
2614.5966,3755.497398258678,-1140.9007982586782
3010.7476,2737.604209543966,273.143390456034
2572.6512,1973.5081882526408,599.143011747359
3552.7088,1840.2675170836224,1712.4412829163775
2013.3792,1572.6179370282264,440.7612629717737
3844.995,2909.1052822583015,935.8897177416984
2055.9904,2053.4770736510873,2.5133263489128694
128.4994,2126.3733135701564,-1997.8739135701564
1557.972,2165.305198053428,-607.3331980534279
2603.278,2249.6796871463616,353.59831285363816
2450.144,2534.5911582357644,-84.44715823576462
2082.6224,2138.9893221064813,-56.36692210648107
122.5072,2285.234381504743,-2162.727181504743
622.523,887.9575267762552,-265.4345267762552
5715.2272,2779.464813474651,2935.7623865253495
3238.4512,2417.202062752341,821.2491372476588
4431.5648,2408.3377313799474,2023.2270686200527
815.605,2153.5961873967804,-1337.9911873967803
1134.5232,1470.8728104176898,-336.34961041768975
1607.2412,1373.7784820486104,233.46271795138955
1470.0864,226.0179318004391,1244.0684681995608
780.9834,398.3759687141353,382.60743128586466
918.804,519.0034495052947,399.80055049470525
1158.492,1634.3640579455516,-475.87205794555166
2548.6824,1828.8182788777222,719.864121122278
415.4592,36.07559147080314,379.38360852919686
3029.39,1903.6453844186972,1125.7446155813027
467.3916,1243.0824291524636,-775.6908291524637
3355.632,1334.0568775974937,2021.5751224025064
1583.9382,1959.6850655202484,-375.7468655202483
1340.2554,1967.0487852376732,-626.7933852376732
1134.5232,1572.6295461915006,-438.1063461915005
611.2044,448.1251661950664,163.07923380493355
101.8674,521.0645063898035,-419.1971063898035
1298.31,1551.4570743841557,-253.14707438415576
1328.271,780.046055551539,548.224944448461
2365.5874,2036.5389226738835,329.0484773261164
7086.1094,3808.6156093952964,3277.493790604704
5375.6692,3703.6384463360564,1672.0307536639439
488.6972,3822.363436164216,-3333.666236164216
1257.0304,2191.9605774958522,-934.9301774958521
942.7728,1862.388672530658,-919.615872530658
628.5152,1952.3050131043874,-1323.7898131043873
798.96,157.01835142451483,641.9416485754853
801.6232,733.2390291277773,68.38417087222274
1845.5976,1277.007627014947,568.589972985053
3254.4304,4012.2021737128653,-757.7717737128651
1340.2554,1862.6777557174648,-522.4223557174648
356.8688,335.5505676658787,21.31823233412132
149.805,988.6887518240006,-838.8837518240007
3155.892,4204.886940786715,-1048.9949407867152
2892.901,4216.458956904749,-1323.5579569047495
1794.331,2650.888833351265,-856.5578333512651
1794.331,2641.3648777439025,-847.0338777439026
1779.6834,2690.5721177246305,-910.8887177246306
2049.3324,1826.5439121176146,222.7884878823852
2586.633,2538.248208233186,48.38479176681403
517.3266,2949.235463563535,-2431.9088635635353
416.125,1230.5789097758934,-814.4539097758934
1747.725,1542.3115300144686,205.41346998553126
6723.2484,3823.7108815676875,2899.537518432313
249.0092,4270.2457926183615,-4021.2365926183616
1366.2216,258.90025734844846,1107.3213426515517
5153.292,3727.848100323872,1425.4438996761282
2541.3586,3807.5652065215513,-1266.2066065215513
6930.978,3652.6431209314055,3278.3348790685945
3823.0236,3584.7869280488076,238.23667195119242
1569.9564,1352.060778365354,217.89562163464598
6371.706,2724.9878152578954,3646.7181847421048
199.74,436.8608242262557,-237.1208242262557
3739.1328,2522.8584728888973,1216.2743271111026
311.5944,2783.535593677973,-2471.941193677973
2087.283,2712.183308894652,-624.900308894652
709.077,2140.624899295563,-1431.547899295563
343.5528,901.8758001810094,-558.3230001810093
1182.4608,826.0688314604342,356.3919685395658
1133.8574,1177.6217760560855,-43.76437605608544
1612.5676,1943.0472730461806,-330.47967304618055
2106.5912,2290.542873662403,-183.9516736624032
2407.5328,2018.7795940210249,388.7532059789751
4442.2176,2382.4295936438252,2059.7880063561747
1254.3672,1339.6844116649681,-85.31721166496823
492.692,1464.0551544512155,-971.3631544512155
834.9132,579.8024774789575,255.11072252104248
455.4072,703.0684313752032,-247.66123137520322
796.9626,593.2808634634202,203.6817365365797
1831.6158,1274.255609504786,557.360190495214
1569.9564,1257.7021390935151,312.2542609064849
959.4178,1556.5673489161386,-597.1495489161385
3896.2616,2818.80234478745,1077.45925521255
1948.1308,2608.477033218021,-660.3462332180211
2902.888,2151.9944019007366,750.8935980992633
284.2966,756.7213776589971,-472.4247776589971
2221.1088,1382.2013665305462,838.9074334694537
1471.418,1470.4400372761315,0.9779627238683588
2285.0256,3168.8058543013426,-883.7802543013427
796.9626,449.60767600667566,347.3549239933243
2306.997,1581.0776136214365,725.9193863785633
2966.139,1786.784594812058,1179.3544051879421
1488.7288,2035.757705911191,-547.0289059111908
2862.94,1907.3682319143095,955.5717680856906
2620.5888,1981.9854759846708,638.6033240153292
5954.9152,3675.3638092621277,2279.5513907378727
2748.4224,3759.0816812403305,-1010.6592812403305
1194.4452,371.0632865022079,823.3819134977922
934.7832,659.5384702760512,275.2447297239488
4262.4516,3132.4411506852075,1130.0104493147928
5000.8238,2610.0553696629036,2390.7684303370966
958.752,1532.7593537320354,-574.0073537320354
3316.3498,2785.0840434109905,531.2657565890095
283.6308,2330.681443742022,-2047.0506437420222
7590.12,2820.7572050753192,4769.36279492468
1707.777,3053.96527140889,-1346.1882714088902
3795.06,3051.79246936212,743.2675306378801
2371.5796,1296.252602920043,1075.326997079957
3091.9752,1646.5410786991838,1445.434121300816
1512.6976,1245.1030519937808,267.59454800621916
2741.7644,983.634930072737,1758.129469927263
2069.3064,2605.328372436187,-536.0219724361868
5386.9878,2896.322728133713,2490.665071866287
2444.8176,1979.32436872783,465.49323127216985
1428.141,1241.6805734605305,186.4604265394696
498.0184,921.3910772048466,-423.37267720484664
575.2512,1005.9783244225504,-430.72712442255033
3146.5708,2598.850800520708,547.7199994792918
95.8752,280.4085552950297,-184.5333552950297
3755.112,2667.8693089409176,1087.2426910590825
1724.422,2529.623802152692,-805.2018021526919
1379.5376,2757.1228844795864,-1377.5852844795863
1551.9798,2800.338735564754,-1248.3589355647541
331.5684,2083.741090341285,-1752.172690341285
1537.998,153.39428924365535,1384.6037107563448
790.9704,472.7879950187258,318.18240498127426
4170.5712,2561.401734078419,1609.1694659215814
2090.612,3228.409710523411,-1137.7977105234108
210.3928,1857.1625279186142,-1646.769727918614
210.3928,2016.1035101256475,-1805.7107101256474
2554.0088,2909.824175148787,-355.8153751487871
2896.8958,2682.379706881404,214.51609311859556
1829.6184,1970.3027767077006,-140.6843767077005
209.727,3035.968686266742,-2826.2416862667424
1012.016,1860.6115262072815,-848.5955262072815
3542.7218,3389.5173578687877,153.2044421312121
6251.862,3292.9676762473255,2958.8943237526746
3528.74,2615.158616157626,913.5813838423737
1874.8928,3506.981556934106,-1632.0887569341057
759.012,665.1832416182006,93.82875838179939
690.4346,332.9438673342645,357.49073266573555
176.437,2747.990658952592,-2571.5536589525923
4250.4672,1503.5788487927275,2746.8883512072725
1772.3596,1991.3936521618907,-219.0340521618907
2577.9776,2174.625176269067,403.35242373093297
1029.9926,622.9168835669185,407.07571643308154
2117.244,2457.273721713942,-340.02972171394185
2117.244,2324.85578620839,-207.61178620838973
552.614,995.7268292869052,-443.11282928690514
276.307,1293.4098042882838,-1017.1028042882838
2603.278,2257.7421719194112,345.53582808058854
1348.245,847.687649402713,500.5573505972869
3153.2288,3127.636836387787,25.59196361221302
1037.3164,686.3093149397471,351.00708506025285
1278.336,1686.162356596844,-407.8263565968439
1704.448,1366.8792014798587,337.5687985201414
1278.336,1352.0321892636666,-73.69618926366661
798.96,1056.9877840512227,-258.0277840512226
552.614,1224.4071935538927,-671.7931935538927
4211.185,2544.7180069591363,1666.466993040864
3643.2576,2391.7464723047974,1251.5111276952025
1335.5948,1140.604152877505,194.99064712249515
1728.4168,1143.4152661128912,585.0015338871087
1178.466,1064.712363297173,113.75363670282695
2407.5328,1953.807341581091,453.72545841890906
1065.28,3259.7334186603616,-2194.4534186603614
856.8846,1002.8137458138676,-145.92914581386765
2255.7304,1589.344560361078,666.3858396389219
472.718,673.9675039604499,-201.24950396044989
875.527,2704.100467366097,-1828.5734673660968
2576.646,2076.926540957947,499.71945904205313
1403.5064,1193.446491169895,210.0599088301051
1238.388,1402.3158667876914,-163.92786678769153
615.1992,678.0463227282467,-62.84712272824663
768.999,678.6072508633989,90.3917491366011
871.5322,828.5345625172502,42.99763748274984
1693.7952,1427.870218414648,265.92498158535204
2804.3496,1691.2190778205477,1113.1305221794523
323.5788,1684.7069859173212,-1361.1281859173212
157.1288,1452.8341621320765,-1295.7053621320765
1086.5856,256.77599721396234,829.8096027860378
6179.9556,2527.89296195952,3652.06263804048
2406.867,2014.8318097856045,392.0351902143957
1583.9382,2033.7119957414948,-449.7737957414947
149.805,2373.2946156961953,-2223.4896156961954
2406.867,2738.977231293675,-332.1102312936746
2567.3248,2646.31961412357,-78.99481412357
2406.867,2762.744452867785,-355.877452867785
1225.072,3862.601358787932,-2637.5293587879323
4653.942,2309.9565889294,2343.9854110706
1114.5492,1997.4049103854984,-882.8557103854985
2848.2924,1931.1523281421069,917.140071857893
4586.0304,3087.4188539019246,1498.611546098075
3193.8426,3907.8142764729087,-713.9716764729087
194.4136,3344.0607002776505,-3149.6471002776507
1277.0044,2860.6478722302086,-1583.6434722302085
382.1692,3142.8787191842725,-2760.7095191842727
2002.0606,782.8052301184017,1219.2553698815982
1097.9042,791.448256252505,306.455943747495
774.9912,684.2280476604249,90.76315233957519
1788.3388,1131.4472261196777,656.8915738803223
1201.769,777.3823034435244,424.3866965564756
1704.448,1209.1261925532929,495.3218074467072
878.856,1016.0775204326784,-137.2215204326784
439.428,1194.4029198782382,-754.9749198782382
2548.6824,1156.9193639068853,1391.7630360931148
942.7728,3196.9891901584874,-2254.2163901584872
1038.648,1292.7645169943212,-254.11651699432127
1323.6104,3101.9954530327836,-1778.3850530327836
5759.17,3960.7861598815994,1798.3838401184007
2021.3688,2891.8129990406474,-870.4441990406474
1370.2164,3281.875391630518,-1911.6589916305181
1022.6688,2832.6647560346473,-1809.9959560346474
865.54,489.29470998568434,376.24529001431563
5238.5144,2938.78273075945,2299.73166924055
3970.8312,2565.3885105660656,1405.4426894339344
756.3488,2855.8559658697427,-2099.5071658697425
230.3668,3244.6525070813254,-3014.285707081325
2972.1312,2835.5401449403157,136.5910550596841
4727.18,3145.2953254941367,1581.8846745058636
2647.2208,3217.426471798978,-570.2056717989781
1754.383,1826.1106119353426,-71.72761193534257
1341.587,1896.9138895924893,-555.3268895924894
3203.1638,3077.934445190997,125.22935480900287
669.129,734.8659764823242,-65.73697648232417
5346.374,3924.9054631023305,1421.4685368976693
1278.336,1564.9855366730771,-286.64953667307714
1235.059,2660.396784722609,-1425.337784722609
3705.177,2961.553448010361,743.623551989639
4314.384,2359.677805366349,1954.7061946336512
2716.464,2640.5922302112585,75.8717697887414
3675.216,3988.596446201313,-313.38044620131313
4005.4528,3897.695538711735,107.757261288265
186.424,1152.7755118052892,-966.3515118052892
2085.2856,1948.1267740818125,137.15882591818763
2780.3808,1971.8522410913656,808.5285589086343
2896.23,1985.0458047687384,911.1841952312616
2150.534,2123.5585692359646,26.975430764035536
1265.02,2163.538510598568,-898.5185105985679
2277.036,2024.2353944697497,252.80060553025032
352.874,589.1283742160988,-236.25437421609877
1922.8304,1559.8314386451498,362.9989613548503
810.9444,1620.1493572491465,-809.2049572491466
2780.3808,1791.4853432331415,988.8954567668584
2316.984,1884.4748388931603,432.50916110683966
529.311,2531.7728024810317,-2002.4618024810316
101.2016,367.0540969070727,-265.8524969070727
1917.504,1866.3277332960954,51.1762667039045
2996.1,3773.3481250380732,-777.2481250380733
4244.475,4088.8630482020103,155.61195179799006
6615.3888,3810.559682199907,2804.8291178000927
2376.906,2270.51980643578,106.38619356421987
1181.795,3644.7123976059843,-2462.917397605984
1797.66,1687.7211089900297,109.93889100997035
139.818,2385.356257508722,-2245.538257508722
2624.5836,2144.5474744522285,480.03612554777146
1454.773,1224.8596005565537,229.91339944344622
759.012,831.4755068304839,-72.463506830484
2684.5056,3318.963485110496,-634.4578851104961
671.1264,3482.594039262281,-2811.467639262281
4250.4672,3517.54038593181,732.9268140681902
1587.2672,2851.744614276538,-1264.477414276538
589.233,3053.455004542116,-2464.2220045421163
785.644,3257.2757694388383,-2471.631769438838
468.7232,2004.2582794743225,-1535.5350794743226
373.5138,551.2820589801049,-177.76825898010492
237.6906,606.3007434195104,-368.61014341951034
452.744,1567.2914454761064,-1114.5474454761065
3652.5788,1599.1370074911295,2053.44179250887
1717.764,2039.422716690966,-321.658716690966
2816.334,2684.0787624177146,132.2552375822852
2683.174,1645.3334128903443,1037.8405871096556
1211.756,1361.400168459818,-149.64416845981782
778.986,1616.3012536949004,-837.3152536949004
3103.9596,2621.0299243504037,482.92967564959645
694.4294,1675.8983423465622,-981.4689423465622
1278.336,1047.3734825618076,230.96251743819244
6079.4198,4068.1598181086297,2011.25998189137
3436.1938,3976.5527252128304,-540.3589252128304
3705.177,2692.1828380207044,1012.9941619792958
312.926,2101.1712136596734,-1788.2452136596735
1267.6832,2518.3605826522635,-1250.6773826522635
778.986,721.079487574875,57.906512425125015
711.0744,4220.912320866601,-3509.8379208666006
3119.9388,2245.902369878261,874.0364301217387
1559.9694,2408.1359709056132,-848.1665709056133
6897.688,3083.0875419188287,3814.6004580811714
3593.3226,2702.0769105035292,891.2456894964707
671.1264,908.3739872092166,-237.2475872092166
527.3136,901.2052792667822,-373.89167926678226
958.752,1209.065070150445,-250.31307015044513
1325.6078,1534.4546917288533,-208.84689172885328
2410.196,1710.7937145292794,699.4022854707205
4869.6612,2960.6310169284898,1909.0301830715098
1794.331,2391.4566657690875,-597.1256657690876
2246.4092,1922.257251130969,324.151948869031
1468.089,583.8105937703087,884.2784062296912
167.7816,897.7524942488565,-729.9708942488564
961.4152,681.163637414075,280.25156258592506
1193.1136,1480.7423236092602,-287.6287236092603
3717.8272,3658.118406049895,59.708793950105246
279.636,875.6797536592446,-596.0437536592447
1174.4712,1049.2227367670723,125.24846323292763
1869.5664,2481.4002169830405,-611.8338169830406
147.8076,1644.7263387046664,-1496.9187387046663
428.7752,676.5058420993702,-247.7306420993702
3427.5384,2132.1501102884145,1295.3882897115855
2025.3636,2253.618761705241,-228.2551617052411
3475.476,1660.1572764050552,1815.318723594945
2516.724,1389.3181464648517,1127.4058535351485
2277.036,1701.1105428847782,575.9254571152219
5243.8408,3985.322515315008,1258.518284684992
2261.0568,2999.13046139728,-738.0736613972804
690.4346,689.8974028713928,0.5371971286072039
2450.144,3612.8203600870524,-1162.6763600870527
5145.3024,3594.700965871632,1550.6014341283676
99.2042,1329.9469660133063,-1230.7427660133064
3866.9664,1654.7097794660228,2212.256620533977
1482.0708,1207.6963191067662,274.3744808932338
1970.768,1918.3422260328998,52.42577396710021
2463.46,2096.3128605263933,367.1471394736068
4090.6752,4177.8986476153805,-87.22344761538034
767.0016,3853.460632664249,-3086.4590326642488
319.584,1797.017600009376,-1477.433600009376
852.224,1694.2334401258872,-842.0094401258872
2504.7396,2034.4571131073158,470.2824868926841
426.112,1984.6407321601082,-1558.5287321601081
4745.8224,3798.9587055886996,946.8636944113005
3954.852,3643.337893435306,311.514106564694
625.852,2657.3737862328694,-2031.5217862328695
2059.9852,1851.5341535003038,208.4510464996963
1938.8096,1984.3089325108244,-45.49933251082439
519.324,703.3105904824447,-183.98659048244474
4187.2162,2939.1539937376415,1248.0622062623584
2203.798,3170.1280970790676,-966.3300970790679
1066.6116,1944.777361313469,-878.1657613134691
1896.1984,1987.0731266610205,-90.87472666102053
3339.6528,2804.1719588972605,535.4808411027393
2101.2648,2791.3041163274033,-690.0393163274034
1808.9786,2372.4951841670904,-563.5165841670905
2631.2416,2585.075897983732,46.165702016267915
3022.732,2081.9923844662876,940.7396155337124
5159.2842,2627.063523826894,2532.220676173106
3630.6074,2743.283219477889,887.324180522111
1120.5414,1171.8349108700454,-51.29351087004534
1956.1204,2660.7864376767584,-704.6660376767584
4769.1254,2399.026313518776,2370.099086481224
986.7156,2609.5131485574148,-1622.7975485574148
1315.6208,2699.4541890087767,-1383.8333890087767
2960.1468,2695.456451034077,264.690348965923
423.4488,1406.8541156194858,-983.4053156194858
790.9704,968.9093635406405,-177.93896354064043
131.8284,989.4523082199528,-857.6239082199528
1018.674,2318.3385430511476,-1299.6645430511476
1142.5128,1499.1024220436666,-356.5896220436666
1038.648,1182.1434918314103,-143.4954918314104
1973.4312,1432.0356486435207,541.3955513564792
2181.1608,1526.5225330835215,654.6382669164786
2372.9112,3039.291471911693,-666.380271911693
4943.565,3299.7885210844224,1643.7764789155772
5033.448,2766.4500022544976,2266.9979977455027
2712.4692,2691.738448872183,20.730751127816802
387.4956,2706.2920315297783,-2318.796431529778
4920.9278,3837.2789768416606,1083.6488231583398
5438.9202,4101.943477928926,1336.9767220710737
7534.1928,2803.894304650149,4730.298495349851
4042.7376,3009.778943774234,1032.958656225766
708.4112,901.8645337279963,-193.45333372799632
2587.9646,3258.390341982388,-670.425741982388
3137.2496,1641.838268773095,1495.411331226905
1494.0552,1422.2089975803651,71.84620241963489
1318.284,1167.1143614295527,151.16963857044743
1494.0552,1144.314376650671,349.74082334932905
1230.3984,1451.680213844853,-221.28181384485288
1142.5128,1352.9954528057629,-210.48265280576288
777.6544,1002.6401710653963,-224.9857710653963
4363.6532,2514.756853745055,1848.8963462549445
6093.4016,3682.2988595984866,2411.1027404015135
829.5868,2136.4569542267063,-1306.8701542267063
1211.756,2918.624753123315,-1706.8687531233147
5712.564,2763.8384572603536,2948.7255427396467
2885.5772,1974.0849728063577,911.4922271936425
1705.1138,2195.2705980455744,-490.1567980455743
3861.64,3157.2132993262576,704.4267006737423
2656.542,2869.4950438318956,-212.95304383189568
1105.8938,1073.6980240834407,32.19577591655934
2111.2518,1074.1947942419883,1037.0570057580117
2010.716,1254.8897075931795,755.8262924068204
3487.4604,1242.7702698459668,2244.690130154033
258.3304,1286.476885097717,-1028.146485097717
1800.3232,3554.0685073428276,-1753.7453073428276
2281.6966,1685.6462395356498,596.0503604643504
615.1992,994.1763041410964,-378.97710414109633
1882.2166,2379.7168849749555,-497.50028497495555
1949.4624,1163.1980521659502,786.2643478340497
243.6828,1297.0307677086703,-1053.3479677086702
579.246,677.0854121884621,-97.83941218846212
1584.604,1864.725965575638,-280.1219655756379
2603.278,1585.3804858382437,1017.8975141617561
1304.968,2912.6471747149035,-1607.6791747149034
1864.24,2999.458282785972,-1135.2182827859722
1518.024,1959.534563681526,-441.51056368152604
647.1576,38.280881540219916,608.8767184597801
1516.0266,866.7202804718228,649.3063195281771
2432.8332,1770.946741307191,661.8864586928091
3390.2536,3057.0134136071633,333.2401863928367
4621.9836,2636.221364934961,1985.7622350650386
533.3058,2799.5028981768814,-2266.1970981768814
1629.8784,1823.2864638693763,-193.4080638693763
711.0744,3105.9315185293412,-2394.8571185293413
1813.6392,2142.646842360384,-329.0076423603841
543.2928,522.8388575537527,20.45394244624731
577.2486,456.6292601653386,120.61933983466139
1251.704,1794.9937245393403,-543.2897245393403
3558.0352,3073.2804640819845,484.7547359180153
2668.5264,3254.6741411299163,-586.1477411299161
2890.9036,3257.541938566109,-366.6383385661088
2591.2936,2543.127426238676,48.16617376132399
4563.3932,2739.287356993525,1824.1058430064754
1958.1178,1140.3232177670086,817.7945822329914
1842.9344,1438.8792175858603,404.05518241413984
3124.5994,2677.0579298418493,447.5414701581508
1808.9786,2566.1271785406598,-757.1485785406599
1076.5986,1109.7735881875797,-33.17498818757963
195.7452,1098.5676724032032,-902.8224724032032
3440.8544,2917.0896801097483,523.7647198902519
3219.8088,1537.190529234852,1682.6182707651478
2603.278,3554.785175104226,-951.507175104226
3044.7034,2741.7335249496064,302.9698750503935
2302.3364,2461.3382567153426,-159.00185671534246
3775.086,2688.702353097376,1086.3836469026237
3056.022,2681.5054638071565,374.51653619284343
3266.4148,2201.019073123969,1065.395726876031
3628.61,2377.145159988829,1251.464840011171
1531.34,1219.83879963157,311.50120036842986
552.614,948.9006865769529,-396.2866865769529
1049.9666,972.6644915721334,77.30210842786653
3547.3824,3215.8596290106266,331.5227709893734
1384.864,1141.4550867062485,243.40891329375154
1398.18,2118.9336095901162,-720.7536095901162
5890.9984,3196.6554308903155,2694.342969109685
2735.1064,3508.3734383282895,-773.2670383282893
6088.0752,4108.788725672518,1979.2864743274822
5073.396,4042.61867672489,1030.7773232751097
5834.4054,4006.589003623773,1827.8163963762267
3137.2496,2722.3867067522783,414.8628932477218
3797.7232,2725.9103539795856,1071.8128460204143
599.22,2024.6999045492507,-1425.4799045492507
2257.062,2183.814366832876,73.2476331671237
2912.875,1819.1933928677372,1093.6816071322628
904.1564,826.4180236465763,77.73837635342363
359.532,539.7960269978576,-180.26402699785757
251.6724,538.5547426023306,-286.8823426023306
4807.076,3646.652235727709,1160.423764272291
549.285,3115.2082089328974,-2565.9232089328975
3202.498,3215.513496609045,-13.01549660904493
1231.73,3418.5362599235837,-2186.8062599235836
3403.5696,2425.608498320486,977.9611016795138
2836.308,2729.257578137448,107.05042186255196
225.0404,2982.8476054206226,-2757.8072054206227
1924.162,3033.0341329233506,-1108.8721329233506
4364.319,2708.565030353288,1655.7539696467124
569.259,2997.8394651469994,-2428.5804651469994
1777.686,751.5535982674376,1026.1324017325624
592.562,1000.3685552176039,-407.8065552176039
857.5504,1337.2095090795285,-479.65910907952855
1715.1008,1626.727960137838,88.37283986216198
492.692,3788.317976375161,-3295.625976375161
1569.9564,2325.116671797245,-755.1602717972451
846.8976,330.674472362194,516.223127637806
810.9444,1035.328989973664,-224.384589973664
3361.6242,3013.7979966267053,347.8262033732949
2768.3964,3256.6203474279923,-488.22394742799224
311.5944,517.4669582742571,-205.87255827425707
788.3072,798.793410245319,-10.486210245319057
2607.2728,1425.7621653846902,1181.51063461531
2014.7108,1612.4398468765908,402.2709531234093
49.2692,807.217567046329,-757.948367046329
154.4656,474.33004709777856,-319.86444709777857
2167.8448,1627.8743940682143,539.9704059317855
2587.9646,3251.156072203829,-663.1914722038291
5773.1518,2970.301425125685,2802.8503748743146
2587.9646,3271.0315937205023,-683.0669937205025
722.393,1743.1205546277947,-1020.7275546277947
2167.179,1617.797283042667,549.3817169573331
5339.0502,3148.3079912646162,2190.7422087353834
1133.8574,1401.9001704812,-268.0427704811998
1086.5856,1299.4681778301433,-212.8825778301432
2897.5616,2178.886763956671,718.6748360433289
3942.8676,2858.2534353658016,1084.6141646341985
4731.1748,4160.531055545093,570.6437444549065
494.0236,412.7099934738448,81.31360652615518
473.3838,528.7767803241175,-55.392980324117445
1444.786,1700.9230963162895,-256.13709631628944
4578.0408,3973.651942962833,604.3888570371669
663.1368,1313.4397357148898,-650.3029357148898
4181.224,3106.55654304461,1074.6674569553902
3344.9792,3121.61122116306,223.36797883694044
254.3356,3988.858031198156,-3734.522431198156
2067.309,3412.5161092600933,-1345.2071092600931
1607.907,1771.953205056636,-164.04620505663615
787.6414,1510.987449512883,-723.3460495128829
1090.5804,661.4332268903431,429.14717310965693
727.0536,765.6499673637957,-38.59636736379571
1146.5076,2887.1243274098915,-1740.6167274098916
2679.845,1099.902987085926,1579.9420129140738
535.969,1424.234057788041,-888.2650577880408
3845.6608,3099.777445245841,745.883354754159
4086.0146,3279.285342442379,806.7292575576212
4566.7222,3393.4544319038364,1173.2677680961638
4950.8888,3764.5293273799157,1186.359472620084
2475.4444,3725.197136447677,-1249.7527364476773
2885.5772,4062.333299444062,-1176.7560994440619
2885.5772,3938.462358369653,-1052.8851583696528
1071.938,1573.550135599359,-501.6121355993589
428.7752,1529.553548631694,-1100.778348631694
280.9676,1920.9189465684303,-1639.9513465684304
4068.038,2399.5278171601794,1668.5101828398206
1207.0954,2693.5182098222954,-1486.4228098222954
5715.2272,3070.556438091464,2644.6707619085364
394.1536,3309.4708953787604,-2915.3172953787603
656.4788,419.995341995215,236.48345800478495
527.3136,139.59657357518364,387.7170264248163
4224.501,1791.2830560201742,2433.217943979826
2659.871,2131.9869085571313,527.8840914428688
4037.4112,3615.0565564781045,422.35464352189547
49.935,1013.7975825989912,-963.8625825989911
2804.3496,1645.7784223220688,1158.5711776779312
400.8116,1211.2471436045907,-810.4355436045907
1733.7432,1796.0001665617083,-62.256966561708396
1278.336,1777.8799584412131,-499.54395844121314
153.134,1398.7551873237076,-1245.6211873237075
289.623,1745.453622049502,-1455.830622049502
3174.5344,2345.812277163218,828.7221228367821
2036.6822,2477.9542827054684,-441.2720827054684
2695.1584,2734.3895844059084,-39.23118440590861
5582.733,2890.4116626138825,2692.3213373861176
437.4306,2556.8772531427744,-2119.4466531427743
4815.0656,3139.115700135995,1675.9498998640047
6515.5188,3265.538310556126,3249.980489443874
2302.3364,3339.6230134362886,-1037.2866134362885
6207.9192,3451.5303074250005,2756.3888925749998
8114.7704,3653.6346064217496,4461.135793578251
6970.926,4388.895537561337,2582.0304624386636
467.3916,3951.291695720268,-3483.900095720268
11445.102,4716.875307583833,6728.226692416168
788.973,4388.5980557502635,-3599.6250557502635
3735.8038,2736.78656212714,999.0172378728603
3202.498,2697.5901646224293,504.9078353775708
5173.266,3452.906777072443,1720.3592229275564
1171.808,1893.3739195099893,-721.5659195099893
451.4124,3770.6203455404507,-3319.2079455404505
5329.0632,3696.877137136492,1632.1860628635077
4442.2176,3683.390995914883,758.8266040851167
1021.3372,1313.260212557383,-291.923012557383
1534.0032,1684.208834934257,-150.20563493425698
862.211,2822.721469721096,-1960.5104697210961
3747.1224,3570.7584860266516,176.36391397334864
12117.56,4573.776612386296,7543.783387613704
3062.0142,2955.69930516178,106.31489483821997
1298.31,1497.4257645280918,-199.11576452809186
2319.6472,2182.4117284000804,137.2354715999195
906.8196,3056.727543798477,-2149.9079437984774
6474.2392,4593.051939720511,1881.1872602794892
6964.9338,3974.96800440499,2989.9657955950097
1544.656,2209.456720291513,-664.8007202915132
2431.5016,2406.6549301182235,24.846669881776506
3352.303,3540.878166501845,-188.57516650184516
213.056,3441.444013686681,-3228.388013686681
367.5216,3049.3820266749094,-2681.8604266749094
767.0016,1381.457064381574,-614.4554643815738
8958.339,3803.47307251843,5154.86592748157
2055.9904,2783.6586400433025,-727.6682400433024
2741.0986,2518.665002195138,222.43359780486162
97.2068,874.893882884962,-777.6870828849619
3713.1666,2139.0090498467334,1574.1575501532666
6064.1064,3612.3739854814667,2451.732414518533
4036.7454,2154.220005873554,1882.525394126446
425.4462,2400.3177533377007,-1974.8715533377008
165.7842,943.5147243772554,-777.7305243772555
410.1328,1707.1206372678016,-1296.9878372678018
6239.8776,3677.0929664787964,2562.7846335212034
1677.816,1423.659988819349,254.15601118065092
607.8754,1493.184286461213,-885.3088864612131
1001.3632,4088.3667859452507,-3087.003585945251
2876.256,2327.0381320819906,549.2178679180092
4012.1108,3372.383431268023,639.7273687319771
3251.7672,2109.393203387015,1142.3739966129847
551.2824,2977.787346930278,-2426.504946930278
210.3928,1748.0166210055859,-1537.6238210055858
647.1576,1797.3649769920698,-1150.2073769920698
3567.3564,3681.211626584596,-113.85522658459604
139.818,2273.7194471509933,-2133.901447150993
4354.9978,2941.094015305943,1413.9037846940573
1543.3244,1285.4628230505655,257.8615769494345
6775.1808,4004.2541387926794,2770.9266612073206
10306.584,4275.383596833543,6031.200403166457
2101.2648,3399.4267723311423,-1298.1619723311424
3205.1612,2371.831916723091,833.3292832769089
303.6048,1245.9816189327794,-942.3768189327793
1018.0082,2096.1743352987546,-1078.1661352987546
7100.757,4704.158954712177,2396.598045287823
2960.1468,3194.6186233252356,-234.47182332523562
1518.024,1483.8474594349677,34.176540565032155
61.2536,1130.1323365660223,-1068.8787365660223
815.605,2600.1187272605953,-1784.5137272605953
5000.8238,3325.0919274974185,1675.7318725025816
8262.578,4428.093991590299,3834.4840084097004
3691.1952,3456.7003924228675,234.49480757713263
593.8936,2365.40788821434,-1771.51428821434
4538.0928,2810.9242769759408,1727.1685230240596
169.1132,1397.434498149545,-1228.321298149545
5976.2208,3408.2410395926936,2567.9797604073065
123.8388,1114.8711566872817,-991.0323566872817
161.7894,899.7547436789054,-737.9653436789054
1992.7394,1395.3195928356693,597.4198071643307
104.5306,1713.0253548102228,-1608.4947548102227
331.5684,1760.6415091943422,-1429.0731091943421
978.726,2213.2841561563882,-1234.5581561563881
4228.4958,2968.6979607766343,1259.7978392233654
4432.2306,3905.363183466382,526.8674165336179
1006.6896,2596.796448746687,-1590.1068487466869
1281.665,1191.7401816227057,89.92481837729429
1737.738,2178.595866696208,-440.8578666962078
1884.8798,2157.2236823654694,-272.3438823654694
3866.9664,2428.9473939174986,1438.0190060825012
498.0184,3983.4403399240937,-3485.4219399240937
1358.232,1223.3443177051784,134.88768229482162
814.9392,1399.5146236598034,-584.5754236598034
307.5996,1662.1735816307782,-1354.5739816307782
6029.4848,3534.1351000257346,2495.3496999742656
7017.532,4132.7503916899,2884.7816083100997
1549.3166,2528.7841095749454,-979.4675095749453
296.9468,2333.9881362826304,-2037.0413362826305
175.1054,2730.871650409885,-2555.7662504098853
1747.725,1905.438261325052,-157.71326132505214
945.436,3073.0002291560427,-2127.5642291560425
4904.2828,3318.9590730587943,1585.3237269412057
910.8144,1251.0851939643608,-340.2707939643608
3998.7948,3044.1713815814237,954.6234184185764
5063.409,2318.715175452455,2744.693824547545
2624.5836,2155.9058294174765,468.6777705825234
3020.0688,2610.1180498260114,409.9507501739886
150.4708,2337.2464928955346,-2186.7756928955346
7158.6816,2527.9517747744467,4630.729825225553
3207.8244,2941.6218474849784,266.2025525150216
3675.216,4384.340050050305,-709.124050050305
365.5242,1872.4984628038596,-1506.9742628038596
2157.192,1926.3613178624466,230.83068213755337
1917.504,3513.9603395782806,-1596.4563395782807
591.2304,1602.190496838608,-1010.9600968386079
4454.202,2870.9699041882122,1583.232095811788
966.7416,2024.5318082857293,-1057.7902082857295
7142.7024,3650.2297486511743,3492.472651348826
2387.5588,2220.08040800942,167.4783919905799
39.948,610.233455316146,-570.285455316146
2833.6448,2098.9617521956434,734.6830478043566
1209.7586,1354.2111240423412,-144.45252404234134
1304.968,2926.7905280987957,-1621.8225280987956
9267.936,4209.516567451438,5058.419432548561
113.8518,1844.5711443246687,-1730.7193443246688
2947.4966,2960.171588507207,-12.674988507207217
474.0496,1822.813131295548,-1348.7635312955479
5518.1504,3285.4145314489324,2232.735868551068
395.4852,3143.9018474644886,-2748.4166474644885
2797.6916,2594.7833164386434,202.9082835613567
5262.4832,3094.419271238873,2168.0639287611266
345.5502,1761.1915023823663,-1415.6413023823661
3339.6528,2862.7176692911335,476.9351307088664
372.848,1379.9635767739637,-1007.1155767739638
4561.3958,2849.9783386500258,1711.4174613499745
486.034,3720.2579703164615,-3234.2239703164614
351.5424,2759.8515291657227,-2408.309129165723
74.5696,1104.9403460466165,-1030.3707460466164
2287.023,2891.4799640485026,-604.4569640485024
687.1056,3605.786693591726,-2918.681093591726
3349.6398,4483.386136427552,-1133.7463364275518
7370.406,3404.3808858630337,3966.0251141369663
8209.314,3422.524079820875,4786.789920179125
250.3408,1976.707971744247,-1726.3671717442471
617.8624,2409.474661880797,-1791.6122618807972
193.7478,942.4785668459007,-748.7307668459007
5697.9164,4615.347873241449,1082.5685267585513
420.7856,1676.537963918474,-1255.752363918474
7488.9184,3634.278623969756,3854.6397760302434
254.3356,1910.9128963643234,-1656.5772963643235
5888.3352,3268.1815483602295,2620.153651639771
7350.432,4112.744632288604,3237.6873677113954
2007.387,1194.6390307142792,812.7479692857207
482.0392,2360.156473356781,-1878.1172733567812
2306.997,1513.5469741899274,793.4500258100725
3285.723,3928.3713951005384,-642.6483951005384
3243.7776,2875.4853750517486,368.29222494825126
7646.0472,4622.618024392072,3023.4291756079283
3695.19,4272.489083136031,-577.2990831360307
2416.854,2986.7184376773084,-569.8644376773086
1471.418,1317.584830156068,153.83316984393196
123.8388,931.2280745999734,-807.3892745999734
3235.788,3258.3289467669983,-22.54094676699833
506.008,1859.6670436219397,-1353.6590436219396
3448.844,3189.876103137728,258.967896862272
229.701,1097.959065753665,-868.258065753665
3395.58,1978.004728414677,1417.575271585323
1480.0734,1056.871139881836,423.2022601181641
1614.565,1461.2160304546906,153.3489695453095
338.2264,2576.2898855308017,-2238.0634855308017
4157.2552,2709.0183531324737,1448.2368468675259
842.237,1012.4241840160419,-170.1871840160419
365.5242,1760.200911443771,-1394.676711443771
569.259,3382.715977563792,-2813.456977563792
1069.2748,1233.2367172534205,-163.96191725342055
1374.2112,1426.5254773167917,-52.31427731679173
3990.8052,2736.8007099218066,1254.0044900781932
5523.4768,2973.2372977999694,2550.239502200031
5734.5354,3547.689092337505,2186.846307662495
359.532,2643.862292758535,-2284.330292758535
4915.6014,3848.6154017222198,1066.9859982777798
2439.4912,2759.483627915616,-319.9924279156162
2090.612,2136.7460352129738,-46.134035212973686
3205.1612,2102.1489186255703,1103.0122813744297
7943.6598,3386.6701841245194,4556.989615875481
9158.079,4449.05408119634,4709.02491880366
254.3356,1838.1347647901616,-1583.7991647901617
3672.5528,2544.38213789351,1128.17066210649
2251.0698,2047.3648057798782,203.704994220122
189.753,2772.435152977348,-2582.682152977348
1426.1436,1961.1855391249535,-535.0419391249534
4921.5936,3143.294379090221,1778.2992209097793
75.9012,1018.937227759203,-943.036027759203
1621.8888,2188.853120771907,-566.9643207719071
217.7166,3174.7740378673,-2957.0574378673
2492.7552,1177.986350935564,1314.7688490644362
4225.1668,2047.314917198085,2177.851882801915
317.5866,1458.0278110739814,-1140.4412110739813
1544.656,1518.1061009888901,26.5498990111098
124.5046,1697.996189906799,-1573.491589906799
3075.996,1838.0044208921436,1237.9915791078565
487.3656,2381.484676055305,-1894.119076055305
246.346,3573.4854973896067,-3327.1394973896067
147.1418,2086.1113425249814,-1938.9695425249815
1677.816,1227.1895878428666,450.6264121571335
243.6828,1650.8551764501663,-1407.1723764501662
559.272,902.5286651729939,-343.25666517299385
1584.604,2731.238677640772,-1146.634677640772
4068.038,2740.1928357142788,1327.8451642857212
5499.508,3407.799109648121,2091.708890351879
6026.8216,3324.7629229769163,2702.058677023084
774.9912,3800.5302361962586,-3025.5390361962586
256.9988,3775.079394622406,-3518.0805946224064
1725.7536,1954.543233538677,-228.78963353867698
6705.2718,4137.983709472028,2567.2880905279726
311.5944,527.1532917276608,-215.55889172766075
2631.2416,1907.6936266505827,723.5479733494171
432.77,3073.576896850274,-2640.806896850274
215.7192,3053.853623800916,-2838.134423800916
120.5098,1574.3778406355223,-1453.8680406355222
352.874,2422.342487270275,-2069.4684872702746
4447.544,1956.5157231695518,2491.028276830448
4587.362,3061.7639412278777,1525.5980587721224
1004.0264,1434.9461514974314,-430.91975149743143
185.0924,1102.6354442198563,-917.5430442198563
1148.505,3201.9600963418784,-2053.4550963418783
334.2316,2265.6429050349584,-1931.4113050349583
191.0846,2692.18231125545,-2501.0977112554497
675.1212,1473.3995040597597,-798.2783040597596
6478.234,3141.31311735328,3336.92088264672
452.744,1356.9431866845175,-904.1991866845175
5219.872,2474.8296894005916,2745.0423105994087
1324.942,4364.308703499046,-3039.366703499046
258.3304,642.1490050596309,-383.8186050596309
575.2512,2558.9542196696807,-1983.7030196696805
895.501,2402.503677158194,-1507.002677158194
2269.0464,1616.8226973199935,652.2237026800067
1810.976,1790.2844986586758,20.691501341324283
319.584,1240.7190102140721,-921.135010214072
1396.1826,2614.9538491862613,-1218.7712491862612
228.3694,3217.3000437847036,-2988.9306437847035
147.8076,441.8237756357777,-294.0161756357777
255.6672,3530.9615891831104,-3275.2943891831105
1078.596,2883.25119856471,-1804.6551985647102
127.8336,1541.5891449748515,-1413.7555449748515
3635.268,1533.1702530912626,2102.0977469087375
1318.284,675.3180352567782,642.9659647432219
1106.5596,2497.1878481800445,-1390.6282481800445
575.917,1270.5410326487786,-694.6240326487786
316.9208,1950.0210306252143,-1633.1002306252144
127.1678,1489.253276552914,-1362.085476552914
1061.951,2798.248667295759,-1736.2976672957589
123.8388,480.3935139522017,-356.5547139522017
211.7244,1176.788130667232,-965.063730667232
1041.3112,3456.0365803676773,-2414.725380367677
934.7832,506.393756680126,428.389443319874
42.6112,126.31253766135677,-83.70133766135677
272.978,205.6077330506438,67.37026694935622
392.822,2490.35677961144,-2097.5347796114397
466.06,3003.014874058798,-2536.954874058798
379.506,2284.341687127939,-1904.8356871279393
354.2056,714.21234859459,-360.00674859459
171.1106,1838.2308258150647,-1667.1202258150647
209.0612,808.7893904427214,-599.7281904427214
311.5944,718.744613541163,-407.15021354116294
149.805,1539.6477343269016,-1389.8427343269016
480.7076,2865.9571730117227,-2385.2495730117225
247.6776,75.63708097658247,172.04051902341754
387.4956,2092.994697006582,-1705.4990970065821
139.818,-325.5857446455604,465.40374464556044
110.5228,-204.98322870379894,315.50602870379896
755.0172,850.7497680953414,-95.73256809534143
1557.972,893.3657598066059,664.6062401933941
680.4476,736.370481203227,-55.92288120322701
4845.0266,3759.829054625666,1085.1975453743344
1174.4712,947.6865822548798,226.78461774512016
1114.5492,729.6933383024272,384.8558616975728
699.09,560.1253379946165,138.9646620053835
559.272,561.2115530005667,-1.9395530005666615
197.7426,3034.214431439097,-2836.471831439097
2648.5524,784.9870456182964,1863.5653543817036
1246.3776,684.8843327698569,561.4932672301431
3067.3406,3019.3253287315965,48.01527126840347
4303.0654,2894.403155507417,1408.6622444925833
2026.0294,2034.9644841279191,-8.935084127919254
1191.782,1891.8051666711717,-700.0231666711718
3677.2134,2528.042826587753,1149.170573412247
2451.4756,2531.724586527676,-80.2489865276757
3969.4996,2941.1023808796194,1028.3972191203807
2886.9088,2966.705666665873,-79.79686666587304
1956.1204,972.7476104275338,983.3727895724662
3008.0844,2544.379855792568,463.70454420743226
2005.3896,2269.0161636834896,-263.6265636834896
3153.2288,3016.8243816800705,136.4044183199294
1917.504,2507.6603771630744,-590.1563771630745
5510.8266,2634.5710875721115,2876.255512427889
1494.0552,1272.9493066555915,221.1058933444085
703.0848,1465.7030944502808,-762.6182944502808
3803.0496,2035.368379864482,1767.6812201355178
3010.7476,2324.3215897623013,686.4260102376988
2106.5912,2327.2315567394835,-220.64035673948365
3912.2408,2238.8043045583386,1673.4364954416615
1805.6496,2330.2377940960346,-524.5881940960346
699.09,3236.1547715938145,-2537.0647715938144
1442.1228,1326.842262058919,115.28053794108109
3265.749,3657.7763229065213,-392.0273229065215
1906.8512,3986.8207500599888,-2079.9695500599887
2748.4224,3123.395807333049,-374.9734073330492
5932.278,2500.577592629507,3431.7004073704934
2696.49,2366.662086764793,329.8279132352068
1890.872,2922.451826890794,-1031.579826890794
1438.128,1393.0288382558915,45.099161744108414
639.168,1420.82610305125,-781.6581030512499
2173.1712,2972.2288943025974,-799.0576943025972
355.5372,648.6479080765804,-293.1107080765804
711.0744,968.7819726911079,-257.7075726911079
533.3058,882.1196279189276,-348.8138279189276
3994.8,2119.668428084044,1875.131571915956
1917.504,2455.823220086904,-538.3192200869039
3214.4824,2773.1198156775827,441.3625843224172
6574.775,3807.3944923109057,2767.380507689094
3705.177,2666.4813494125383,1038.6956505874618
2402.2064,1824.502083584111,577.704316415889
4471.5128,2757.268386489875,1714.2444135101255
973.3996,918.6290575847481,54.77054241525184
3225.1352,3794.7652142058096,-569.6300142058094
1842.9344,3668.805369464192,-1825.870969464192
554.6114,1460.6001677736303,-905.9887677736303
790.9704,473.2353045103672,317.73509548963284
2596.62,1756.0832245904212,840.5367754095787
2596.62,1479.2857161765926,1117.3342838234073
1295.6468,2897.7080801863144,-1602.0612801863144
459.402,702.8972138429958,-243.49521384299584
67.9116,721.7725479555318,-653.8609479555317
1977.426,2826.5595306285095,-849.1335306285096
3355.632,2577.2753271443357,778.3566728556643
4175.8976,3781.313746743985,394.5838532560151
2609.936,4043.6318493711997,-1433.6958493711995
745.696,2938.4995660431905,-2192.8035660431906
1274.3412,2572.543649403979,-1298.202449403979
2141.2128,1408.5974160488875,732.6153839511123
2408.8644,1663.3245441071076,745.5398558928923
1228.401,3850.3277752393246,-2621.9267752393243
1214.4192,946.0008168624196,268.41838313758046
679.116,579.5720819018704,99.54391809812955
227.7036,1327.9040046840032,-1100.2004046840032
8479.6288,3491.947975458145,4987.680824541856
2384.8956,3635.3852468469836,-1250.4896468469838
4078.025,2497.0843232137,1580.9406767863002
2978.1234,2338.605528319428,639.5178716805722
1985.4156,2057.7145524355287,-72.29895243552869
319.584,743.1843534436964,-423.6003534436964
233.03,3815.0058314190437,-3581.9758314190435
905.488,882.4750326214319,23.01296737856819
922.7988,672.1863268561134,250.61247314388663
503.3448,681.1906340067965,-177.84583400679645
3635.268,2065.2410520901253,1570.0269479098747
866.8716,2460.906772527815,-1594.0351725278151
692.432,705.8693455491222,-13.437345549122142
4275.7676,2600.695644510785,1675.0719554892153
41.9454,1000.7520728496789,-958.806672849679
2181.1608,2594.7596745797605,-413.5988745797604
1331.6,1016.8523864073496,314.7476135926503
852.224,569.5596092175298,282.66439078247026
1597.92,302.29958645468207,1295.6204135453181
142.4812,2011.3404010987947,-1868.8592010987948
3528.74,1984.4203293953065,1544.3196706046933
1693.7952,2046.226582227584,-352.431382227584
1245.046,2102.0841727017755,-857.0381727017755
771.6622,458.7435100787431,312.9186899212569
446.7518,434.40931300234126,12.342486997658739
162.4552,641.1852532894444,-478.7300532894444
2614.5966,1777.8148457596565,836.7817542403434
1406.1696,1747.0418056417948,-340.87220564179484
1267.6832,1255.4409502075432,12.242249792456732
554.6114,1371.0226867723325,-816.4112867723325
489.363,1434.932825637299,-945.5698256372989
782.9808,1426.1650493787006,-643.1842493787005
2153.1972,1570.1770989673287,583.0201010326714
3165.879,3438.687306156599,-272.808306156599
6331.758,3289.6992501368277,3042.058749863172
966.7416,1156.2518052603868,-189.5102052603869
1845.5976,1437.139494732835,408.45810526716514
985.384,1333.5820244790407,-348.19802447904067
1022.6688,762.9164281403012,259.7523718596989
852.224,1000.1703137489321,-147.94631374893208
1657.842,1780.7950187318943,-122.95301873189419
6024.1584,3262.6723923064383,2761.486007693562
3243.7776,3246.07584439659,-2.298244396590235
4448.2098,3846.030168201969,602.1796317980306
5494.8474,4108.251447747612,1386.595952252388
41.9454,926.0010689187544,-884.0556689187545
5728.5432,2288.901401289617,3439.6417987103832
2050.664,1262.7106729582665,787.9533270417337
4761.8016,3105.9995314718135,1655.8020685281863
651.1524,1868.4480453694232,-1217.2956453694233
837.5764,1024.6846947147935,-187.1082947147935
461.3994,448.9053640638646,12.49403593613539
615.1992,730.094408057662,-114.89520805766199
1160.4894,245.51367083013628,914.9757291698636
1034.6532,6.9305065242550015,1027.722693475745
194.4136,744.2300432422761,-549.8164432422761
1867.569,1557.156501097236,310.4124989027639
329.571,1986.3458676424584,-1656.7748676424585
4586.0304,2582.118372133679,2003.9120278663208
5159.2842,2602.886277764424,2556.397922235576
3057.3536,2894.7711166439162,162.58248335608369
188.4214,3419.88657535402,-3231.4651753540197
312.926,2958.8861265738537,-2645.960126573854
3956.8494,3000.6626035602894,956.1867964397106
3277.0676,1931.969990354948,1345.0976096450518
673.7896,2480.9154101095282,-1807.1258101095282
284.9624,2033.162028917674,-1748.199628917674
4863.0032,3342.819645522564,1520.1835544774362
1685.8056,2241.0491368426187,-555.2435368426188
731.0484,1668.1394924891774,-937.0910924891774
2436.828,1839.045438662933,597.7825613370669
958.752,904.7218157707898,54.030184229210136
996.0368,730.3697011427996,265.66709885720036
468.7232,990.1161079543936,-521.3929079543935
679.116,592.1092902911076,87.00670970889234
543.2928,735.3590479019298,-192.06624790192973
792.302,573.9433963082153,218.35860369178477
3020.0688,1911.072197050013,1108.996602949987
3555.372,3708.665945490163,-153.29394549016297
1179.1318,957.3024509732643,221.82934902673583
1290.9862,2486.0824958899725,-1195.0962958899725
1817.634,2264.2405999377825,-446.60659993778245
2364.9216,2142.4171917039557,222.5044082960444
3874.956,4059.712070926103,-184.7560709261029
988.713,1312.1718520821642,-323.4588520821642
2535.3664,2305.97768731909,229.38871268090998
4436.8912,2301.4236728826854,2135.4675271173146
2119.9072,1905.3788879080826,214.52831209191754
1733.7432,1853.2172425927536,-119.47404259275368
3323.0078,2131.2798733836808,1191.727926616319
2600.6148,2042.8421272844116,557.7726727155882
949.4308,263.8263600992715,685.6044399007285
4713.864,2555.8258465280815,2158.038153471918
1504.708,2173.4610501289303,-668.7530501289302
300.9416,2625.6801827170834,-2324.7385827170833
3555.372,3773.011667917982,-217.63966791798202
4804.4128,3432.962231409001,1371.450568590999
2838.9712,3426.45677044575,-587.48557044575
2290.352,3140.818654672562,-850.4666546725621
1832.2816,3116.4388250191355,-1284.1572250191355
2664.5316,1371.7213083501772,1292.8102916498226
2451.4756,2320.9737917136013,130.50180828639895
1193.1136,29.55085829253772,1163.5627417074622
347.5476,1625.7507876451473,-1278.2031876451474
2006.0554,1365.917439351951,640.1379606480489
3914.904,1747.4061391751952,2167.497860824805
2348.9424,1989.4161914077918,359.52620859220815
1845.5976,1744.029044607525,101.56855539247499
205.0664,1949.6065095077643,-1744.5401095077643
2492.7552,3232.1652268638068,-739.4100268638067
1022.6688,903.1221484537497,119.54665154625036
3006.087,2434.037631520699,572.0493684793009
3038.7112,3567.3854994615963,-528.6742994615961
1118.544,1089.005741826166,29.538258173834038
2609.936,1260.2703628694735,1349.6656371305266
3643.2576,2533.610698360861,1109.6469016391388
1725.7536,2521.665463533505,-795.9118635335049
3006.087,2345.1319307584163,660.9550692415837
615.1992,1819.8128455661172,-1204.6136455661172
4482.1656,3857.914053834257,624.2515461657431
2109.2544,4142.64701344337,-2033.3926134433705
1574.617,2037.3303650068628,-462.7133650068629
2433.499,1762.404088281346,671.0949117186537
1431.47,1932.9264484393175,-501.45644843931746
527.3136,4108.666859337345,-3581.353259337345
49.2692,709.6138939599201,-660.3446939599202
3972.8286,1976.8229492246091,1996.0056507753907
588.5672,1868.7540642557028,-1280.1868642557029
1454.1072,2004.6520604175607,-550.5448604175608
661.1394,3695.424088408189,-3034.284688408189
1751.054,2745.1498630955125,-994.0958630955124
1821.6288,1818.4537920915272,3.1750079084727076
175.1054,3032.627407023019,-2857.522007023019
2900.2248,3809.4194361552923,-909.1946361552923
4407.596,2977.7332638514686,1429.862736148531
5068.7354,3187.37188277124,1881.3635172287595
743.0328,888.1857395048778,-145.15293950487785
2920.1988,2451.896095489223,468.30270451077695
2390.8878,1172.6719956063966,1218.2158043936033
129.831,1170.5288787207644,-1040.6978787207645
5366.348,3374.500666571977,1991.847333428023
857.5504,878.3388725463402,-20.788472546340245
1510.0344,4139.800628401768,-2629.7662284017683
735.709,664.3144705162645,71.39452948373548
179.766,2991.239616223372,-2811.473616223372
2782.3782,1804.1700613917214,978.2081386082787
1565.9616,1410.513148191239,155.4484518087611
2252.4014,1674.6652860794234,577.7361139205768
296.281,488.43358321012784,-192.15258321012783
651.8182,451.3262603211801,200.49193967881996
2740.4328,2932.897520352364,-192.4647203523641
3131.9232,2961.593928589762,170.3292714102381
3280.3966,3586.5108869215887,-306.1142869215887
6308.455,3281.8771068468773,3026.5778931531227
2775.7202,3473.9409153776733,-698.2207153776731
2775.7202,3429.518353929506,-653.7981539295056
679.116,944.9342643065407,-265.81826430654075
255.6672,821.6012626930844,-565.9340626930845
1004.0264,675.6691946636915,328.3572053363084
600.5516,553.8704352221084,46.68116477789158
3352.303,2556.232481398106,796.070518601894
531.3084,437.5845470244329,93.72385297556713
117.1808,609.5735633523886,-492.39276335238867
1350.2424,3240.192215809667,-1889.9498158096667
2925.5252,3393.6207182274143,-468.09551822741423
934.7832,1297.4453889794709,-362.6621889794709
1090.5804,955.1807313642087,135.3996686357914
1869.5664,1123.8937070201878,745.6726929798122
713.7376,499.0255618625819,214.71203813741812
3261.7542,1954.9836152633866,1306.7705847366133
1985.4156,1965.9369718965431,19.478628103456913
868.869,1752.6755066833812,-883.8065066833811
1255.033,1740.7303491102784,-485.69734911027854
1448.115,1746.13632502354,-298.02132502353993
2345.6134,2900.5679059797994,-554.9545059797993
1464.76,1976.2249249542742,-511.46492495427424
1904.188,2120.543676462638,-216.3556764626378
377.5086,2162.3152086555756,-1784.8066086555755
1018.674,-141.40359561337885,1160.077595613379
3123.9336,2979.712820164783,144.22077983521694
1174.4712,1494.9534520484128,-320.4822520484129
2162.5184,1161.5627088294782,1000.9556911705217
2501.4106,2926.7939797305057,-425.38337973050557
998.7,1259.2514801805976,-260.55148018059754
2696.49,1393.7725149937683,1302.7174850062315
3528.74,2400.8796740003227,1127.8603259996771
5390.3168,2448.7993035957925,2941.517496404207
2220.443,1073.3373763648026,1147.1056236351976
1351.574,1106.5524057849752,245.02159421502483
193.082,1348.3933285354515,-1155.3113285354516
1544.656,1715.128395747629,-170.47239574762898
259.662,657.3464466547673,-397.6844466547673
1265.02,2109.4020844789966,-844.3820844789966
1579.9434,3582.328358078816,-2002.384958078816
7222.5984,3491.033830887652,3731.5645691123477
1964.11,2646.094421579344,-681.9844215793439
872.8638,654.5085561799957,218.35524382000426
2462.7942,1562.4513968156198,900.34280318438
1368.219,1537.8749553403009,-169.6559553403008
3247.7724,2915.6115597339513,332.1608402660486
1263.0226,2575.5519282178943,-1312.5293282178943
4195.8716,2757.7673468475523,1438.104253152448
1238.388,1660.758078156778,-422.37007815677816
2070.638,3144.371410133765,-1073.7334101337651
777.6544,1299.2419363481072,-521.5875363481072
575.2512,1575.1245178412785,-999.8733178412784
1581.9408,1887.8838256468616,-305.94302564686154
2588.6304,1763.2365626325814,825.3938373674187
1049.9666,728.2223530192788,321.7442469807212
939.4438,979.0411578785499,-39.59735787854993
1962.7784,2887.5613326942594,-924.7829326942594
3199.8348,1869.2665978607895,1330.5682021392106
2239.0854,1522.1474255216594,716.9379744783405
347.5476,2447.358382565434,-2099.8107825654342
2931.5174,2362.8969799132396,568.6204200867605
2586.633,2233.255587885261,353.37741211473895
4138.6128,2246.510486743915,1892.102313256085
2554.0088,3081.0997790074216,-527.0909790074215
1890.2062,1878.3875245069812,11.818675493018873
1556.6404,1577.2932416208937,-20.652841620893696
3335.658,1804.102559345426,1531.5554406545739
222.3772,2032.1475433478172,-1809.7703433478173
1749.7224,2105.116979755911,-355.39457975591085
715.0692,1689.4571368064946,-974.3879368064946
1488.7288,1613.4980472666214,-124.76924726662128
1773.6912,1611.3032995326198,162.38790046738018
2463.46,1633.439732771818,830.0202672281821
1970.768,1511.0253987361152,459.7426012638848
355.5372,1018.1638854896843,-662.6266854896843
2736.438,2342.939478019087,393.4985219809132
3101.2964,2374.5858253609135,726.7105746390866
188.4214,3011.943033801315,-2823.5216338013147
1810.976,2360.5026239424146,-549.5266239424145
4165.2448,2523.134726280453,1642.1100737195475
3078.6592,2521.112991721156,557.546208278844
966.7416,1625.5241287820575,-658.7825287820575
1528.011,1878.0892350464019,-350.0782350464019
2852.2872,1627.8171541138852,1224.470045886115
1528.011,1769.9501095482442,-241.93910954824423
746.3618,562.9697464810224,183.3920535189776
157.1288,1030.5169115798064,-873.3881115798065
2440.8228,2970.7369033297664,-529.9141033297665
1042.6428,175.07521897252582,867.5675810274743
4111.9808,3639.798615384176,472.1821846158241
2972.797,2219.0813167622723,753.7156832377277
782.315,2112.9001014736536,-1330.5851014736536
143.8128,500.5858242628426,-356.77302426284257
1406.1696,753.6703307010441,652.4992692989558
2636.568,2411.475507716281,225.09249228371937
351.5424,615.1127903628732,-263.5703903628732
1086.5856,1227.3145267795583,-140.72892677955815
543.2928,1498.1289655817498,-954.8361655817497
1677.816,1735.218816058184,-57.402816058184044
8245.2672,3703.87555902473,4541.39164097527
3149.234,2126.89754980537,1022.3364501946298
5960.2416,3333.5462683913934,2626.695331608607
4221.8378,3512.24590663614,709.5918933638604
6208.585,3606.5794950158693,2602.0055049841308
1384.1982,1544.5710354871962,-160.3728354871962
1326.2736,2859.7006128645166,-1533.4270128645167
2087.9488,2434.07803204488,-346.1292320448797
4969.5312,3239.2212688174554,1730.309931182545
4141.276,3226.8347077838926,914.4412922161073
1667.829,1282.90124504794,384.92775495206
2354.2688,2396.35320667946,-42.084406679460244
1925.4936,2080.8835262434454,-155.38992624344542
628.5152,894.8847183432738,-266.36951834327374
788.973,4344.861202378084,-3555.8882023780843
2404.8696,2653.0804367189207,-248.21083671892075
343.5528,2836.854357664412,-2493.301557664412
6311.784,3701.3878559016707,2610.396144098329
199.74,445.1113912545729,-245.37139125457287
1547.985,345.54362244271476,1202.4413775572853
39.948,292.7894427433714,-252.8414427433714
966.7416,1491.961953170175,-525.2203531701751
1258.362,1334.5781518272074,-76.21615182720734
2988.1104,2275.688939659723,712.421460340277
1054.6272,2261.8462581333915,-1207.2190581333916
2812.3392,2159.971114074435,652.3680859255651
527.3136,2042.96903981198,-1515.6554398119802
4578.0408,3903.9631703872155,674.0776296127842
6199.9296,4071.1285195008377,2128.8010804991627
5683.2688,4193.794498733625,1489.4743012663748
2766.399,3050.7030023998,-284.3040023998001
2097.27,2272.201174516354,-174.93117451635408
2543.356,4060.3201355051683,-1516.964135505168
3815.034,4115.524083279962,-300.4900832799617
5259.82,4240.137732315984,1019.6822676840156
722.393,1590.7989025628217,-868.4059025628217
1135.189,1523.413603672704,-388.224603672704
3793.7284,2891.354254875748,902.3741451242518
5863.0348,2805.0117051436337,3058.0230948563667
1286.3256,834.9218633005474,451.40373669945245
8508.924,3519.365029383424,4989.558970616577
2836.308,3865.2657344193294,-1028.9577344193294
193.082,1372.9371349503426,-1179.8551349503427
659.142,395.10626517924163,264.0357348207584
1315.6208,2516.4636883827657,-1200.8428883827658
1145.176,1718.6306301767659,-573.4546301767659
1071.938,728.7025382495535,343.2354617504466
5274.4676,2380.589823610516,2893.877776389484
3215.814,3379.185124685484,-163.37112468548412
1125.202,1438.7780858238016,-313.5760858238016
1687.803,1718.0135667955315,-30.21056679553135
2025.3636,1769.6624837152626,255.70111628473728
351.5424,943.981093372385,-592.4386933723849
3111.9492,2373.9461925944383,738.0030074055617
2456.802,2061.658354625252,395.1436453747483
163.7868,2278.3883203584337,-2114.601520358434
923.4646,944.0081024057708,-20.543502405770823
1061.951,1661.8776204581125,-599.9266204581124
2220.443,1709.4274757519204,511.0155242480798
1458.102,1048.711360614554,409.3906393854461
534.6374,997.820331024705,-463.182931024705
96.541,1892.2835761845067,-1795.7425761845068
5201.2296,2467.179588112621,2734.050011887379
1868.2348,1295.6374900839314,572.5973099160685
1468.089,2389.653319899478,-921.564319899478
1398.8458,1988.411087875947,-589.565287875947
3306.3628,2018.5408251192005,1287.8219748807994
2918.8672,2684.2220566549036,234.64514334509659
5163.9448,2596.2654673163856,2567.6793326836146
1528.011,1302.329808753932,225.681191246068
2221.1088,2495.866709829184,-274.757909829184
3516.7556,2647.6203138263254,869.1352861736746
3570.6854,1027.2754394171882,2543.4099605828114
184.4266,2532.063171619082,-2347.636571619082
3819.0288,2545.494280059594,1273.534519940406
3182.524,2674.38439618783,508.13960381216975
1264.3542,2134.599160388071,-870.2449603880711
2045.3376,4108.0708656926,-2062.7332656926
3835.008,4132.409398359758,-297.4013983597579
3745.125,3670.1086979283214,75.01630207167864
499.35,4122.248859946135,-3622.898859946135
830.9184,450.4613010470479,380.4570989529521
327.5736,1346.007011197155,-1018.433411197155
3845.6608,3285.096384702645,560.564415297355
4326.3684,3379.022185156009,947.3462148439912
4474.176,3504.105438796254,970.0705612037464
856.8846,1564.9733149340718,-708.0887149340718
6002.8528,4195.719342254643,1807.1334577453563
2922.1962,2538.203767781202,383.99243221879806
3237.1196,2913.906370942615,323.213229057385
1829.6184,2446.1342570114903,-616.5158570114902
2450.144,1809.2980610123805,640.8459389876193
2450.144,1833.373747935646,616.7702520643538
1947.465,1980.491884398079,-33.02688439807912
3327.6684,2599.051445473047,728.6169545269531
402.809,1438.9809370684902,-1036.1719370684903
644.4944,1468.4533900129095,-823.9589900129095
2059.9852,2653.2565251281458,-593.2713251281457
4119.9704,2381.240239705411,1738.730160294589
3894.93,2236.0012559273105,1658.9287440726894
1859.5794,996.7468655548095,862.8325344451906
1332.9316,1368.9403307248047,-36.008730724804764
644.4944,1216.7465028824126,-572.2521028824126
3495.45,2275.4631641813307,1219.986835818669
4097.3332,3678.365119233839,418.96808076616117
3563.3616,2204.5269537148206,1358.8346462851796
2375.5744,2335.4234077687147,40.15099223128527
2241.0828,3586.760583770489,-1345.677783770489
5727.2116,3824.4628237003226,1902.748776299677
296.9468,2424.668589893499,-2127.7217898934987
3142.576,2919.262771439577,223.31322856042289
4910.275,2896.0770459928244,2014.1979540071752
366.19,-165.87570876298156,532.0657087629816
805.618,36.943327035955626,768.6746729640445
549.285,141.71402028541098,407.570979714589
758.3462,-67.60656768495437,825.9527676849543
3174.5344,2978.1371693585374,196.39723064146256
793.6336,3153.921683604017,-2360.2880836040167
1984.084,3302.310510558821,-1318.226510558821
2596.62,2774.960386770843,-178.340386770843
2127.231,1939.18243848344,188.0485615165603
2269.0464,1922.6158727547077,346.4305272452925
6381.693,2096.582024903993,4285.110975096008
2564.6616,3241.118539578886,-676.4569395788862
5438.9202,3669.366066413651,1769.5541335863486
4288.4178,3393.655977489674,894.761822510326
6771.186,3415.146855368155,3356.039144631845
1537.998,972.4529958382233,565.5450041617768
1346.9134,3098.1091830513415,-1751.1957830513416
2693.8268,3011.579716563978,-317.75291656397803
2886.243,3142.681169187727,-256.438169187727
3781.744,3001.138126139434,780.6058738605661
4159.9184,2881.1642765069428,1278.7541234930568
378.1744,3147.531467770167,-2769.3570677701673
3872.9586,2810.7745795926426,1062.1840204073574
1844.266,2777.6265390144436,-933.3605390144435
1202.4348,1232.2663131491272,-29.831513149127204
1295.6468,1284.5801046780948,11.066695321905172
802.9548,1208.5431010215204,-405.58830102152046
892.172,1513.7027767267928,-621.5307767267927
802.9548,1386.0319004770663,-583.0771004770663
1318.284,1878.4483141158087,-560.1643141158086
1845.5976,2012.6531196012347,-167.05551960123466
1977.426,2145.2735232248347,-167.84752322483473
2187.153,2072.7107482317924,114.44225176820737
263.6568,2297.713881119028,-2034.057081119028
1765.7016,2256.0008325010476,-490.2992325010475
365.5242,2061.8938442360945,-1696.3696442360945
7370.406,3801.770487866461,3568.635512133539
3193.8426,3882.967593492939,-689.1249934929392
483.3708,2119.6058576254986,-1636.2350576254987
1611.236,2322.993768022517,-711.757768022517
1796.3284,1264.8783302088905,531.4500697911096
1294.3152,234.97531500789216,1059.3398849921077
47.9376,86.08217764223832,-38.14457764223832
934.7832,859.8577938219369,74.9254061780631
126.502,2255.4891178449975,-2128.9871178449976
3354.3004,2417.2167830099233,937.0836169900767
3506.7686,2137.827304908116,1368.941295091884
1677.1502,2308.7351792798195,-631.5849792798194
1677.1502,2323.579739001516,-646.4295390015159
4823.721,3463.2912272345056,1360.429772765494
1347.5792,1694.0805076207914,-346.5013076207915
1686.4714,1761.30692529535,-74.83552529535018
4701.8796,3146.697998810961,1555.1816011890392
1065.28,1588.7046631477247,-523.4246631477247
2109.2544,3021.7673430238597,-912.5129430238599
3209.156,2483.7278631900354,725.4281368099646
918.804,704.2841225023915,214.5198774976085
1794.331,4040.498488287593,-2246.167488287593
5382.993,3790.1306070448636,1592.8623929551368
1797.66,1795.4752229273258,2.184777072674251
263.6568,2130.784841592495,-1867.128041592495
1860.2452,1979.7418291054178,-119.4966291054177
2721.7904,2249.42421578755,472.36618421244975
3110.6176,2428.8545440881153,681.7630559118847
2916.204,2399.5187015298475,516.6852984701527
1482.0708,3769.8409425268032,-2287.7701425268033
3451.5072,2154.280492012846,1297.226707987154
3962.8416,1996.18748470439,1966.6541152956102
2826.321,2858.956885074228,-32.6358850742281
992.7078,352.1589638102447,640.5488361897553
5206.556,3307.039918687564,1899.5160813124357
188.4214,3029.6384987635993,-2841.217098763599
1164.4842,1250.0413013857064,-85.55710138570635
3592.6568,2341.826032915795,1250.830767084205
3825.6868,2508.8907410775696,1316.7960589224303
3089.9778,2406.1223915526016,683.8554084473985
3165.879,3034.401818846382,131.47718115361795
5909.6408,3371.5577044199,2538.0830955801002
243.6828,599.425153583035,-355.742353583035
690.4346,644.2005169980064,46.23408300199367
660.4736,576.5877232921567,83.8858767078433
371.5164,474.57318832329423,-103.05678832329426
1837.608,2391.2930535501478,-553.6850535501478
4777.7808,2597.692753131592,2180.0880468684086
2931.5174,2178.328803736106,753.1885962638944
1579.9434,3829.567672100615,-2249.6242721006147
2380.235,2761.7992095493587,-381.56420954935857
3635.268,1824.620362138505,1810.647637861495
778.3202,1227.679844221329,-449.35964422132895
2082.6224,1095.5867034014493,987.0356965985509
633.8416,1006.8434311861306,-373.00183118613063
2160.521,3247.4473666004633,-1086.926366600463
982.055,3167.2902259996736,-2185.2352259996737
1552.6456,2071.844133541209,-519.1985335412089
988.0472,2375.3616178638085,-1387.3144178638086
671.1264,1405.3777770503311,-734.2513770503311
928.1252,509.68217958319946,418.4430204168005
713.0718,12.2692016743839,700.8025983256161
441.4254,304.18987196635743,137.2355280336426
3575.346,4043.9627154311597,-468.6167154311597
2908.2144,1951.6205658514332,956.5938341485667
2530.7058,1819.9662328526654,710.7395671473348
2892.2352,2022.7518988464885,869.4833011535115
4865.6664,2502.8488941725977,2362.8175058274023
1492.7236,1218.2791389953832,274.44446100461687
1571.288,1297.2890062773995,273.9989937226005
3302.368,2351.3346223334443,951.0333776665557
2852.2872,2387.089267199695,465.19793280030535
729.051,739.7283706457853,-10.677370645785231
157.1288,1456.180815335289,-1299.052015335289
671.1264,2675.4352688005024,-2004.3088688005023
1547.3192,1064.5515985091188,482.76760149088113
2940.1728,2913.7464307110595,26.42636928894035
1211.756,1413.2979763075928,-201.54197630759268
6309.7866,3544.3587739797945,2765.427826020206
3878.285,1815.5737970025234,2062.7112029974764
2580.6408,2590.8020444182,-10.161244418199658
2428.8384,2620.9753024728316,-192.13690247283148
425.4462,902.1815331632677,-476.7353331632677
661.8052,745.7746235767461,-83.96942357674607
1366.2216,2195.9506940825136,-829.7290940825135
3795.06,2373.2244538388113,1421.8355461611886
1151.1682,2624.445116088451,-1473.276916088451
47.2718,1017.3852632173696,-970.1134632173696
1416.8224,1117.3414783381286,299.48092166187143
623.1888,620.3438422783594,2.8449577216406396
165.7842,1104.423261605059,-938.6390616050589
442.757,1587.7911402585323,-1145.0341402585323
3551.3772,3646.56693788349,-95.18973788349012
5327.0658,3808.1054034353992,1518.960396564601
2536.698,3688.5763151895662,-1151.8783151895664
1845.5976,2083.4099137098906,-237.81231370989053
1767.699,3395.3483255980072,-1627.6493255980072
1857.582,1536.2655076131193,321.3164923868808
309.597,1881.2099191098414,-1571.6129191098414
247.6776,1449.2672489223505,-1201.5896489223505
1510.0344,1758.2299146102318,-248.19551461023184
1887.543,2000.4367857029974,-112.89378570299755
2402.2064,1479.3794500655038,922.8269499344963
848.895,808.915627643,39.97937235699999
1018.674,877.5089325883973,141.16506741160265
1471.418,759.8165070260206,711.6014929739792
1744.396,1033.057852489612,711.3381475103879
3175.866,2416.145286305757,759.7207136942429
3954.852,2567.844935487365,1387.0070645126348
56.593,947.6706375351748,-891.0776375351749
2458.1336,3124.4302617201015,-666.2966617201014
2336.958,3034.687296925379,-697.729296925379
2696.49,3047.937106915126,-351.44710691512637
4247.804,3131.9123651410896,1115.8916348589105
3185.853,3404.9646509989384,-219.11165099893833
2239.0854,1779.2853919295412,459.8000080704587
2239.0854,1936.729248868728,302.3561511312719
5034.7796,4352.44547011522,682.3341298847799
2649.884,4057.6378046554346,-1407.7538046554346
3179.8608,4253.724538999244,-1073.863738999244
928.791,1215.314724927001,-286.5237249270009
557.2746,1111.7628427173545,-554.4882427173545
143.8128,778.9265638076438,-635.1137638076437
2503.408,1774.9720618641159,728.435938135884
45.2744,1285.8589561679378,-1240.5845561679378
1454.1072,1963.0256491677997,-508.91844916779974
3433.5306,1943.7087560926607,1489.8218439073394
89.2172,904.4197176803023,-815.2025176803022
894.8352,1724.8074802544998,-829.9722802544998
1565.9616,1611.7486205715186,-45.7870205715185
151.1366,2931.7573254006165,-2780.6207254006167
3415.554,3645.831680075618,-230.2776800756178
6831.108,3637.74810788665,3193.3598921133503
2502.7422,1824.3694773194616,678.3727226805386
2418.1856,2447.2832714302526,-29.09767143025283
663.1368,1656.9796679739393,-993.8428679739393
980.0576,894.9997397854179,85.05786021458209
4287.752,2602.12695891912,1685.6250410808802
1017.3424,2078.816137621475,-1061.4737376214748
3560.6984,1763.0268867470043,1797.671513252996
1943.4702,1334.7172315763605,608.7529684236395
2245.0776,2616.061259038398,-370.98365903839795
126.502,970.2488487337761,-843.7468487337761
2588.6304,1267.8716962745684,1320.7587037254316
4997.4948,2842.136630840497,2155.358169159503
2648.5524,2484.8201158796564,163.7322841203436
1177.1344,2491.877470217389,-1314.7430702173892
3848.324,3169.6320649806003,678.6919350193998
3066.6748,3210.038401494436,-143.36360149443635
2409.5302,3490.2586190867564,-1080.7284190867563
1724.422,3813.507989690836,-2089.085989690836
4680.574,3807.6682576938088,872.9057423061909
2731.1116,2746.6404803446744,-15.528880344674235
2731.1116,3046.1103313281537,-314.99873132815355
2982.784,1061.2653045821082,1921.5186954178919
3644.5892,1286.286974110124,2358.302225889876
5624.6784,4325.978235292579,1298.7001647074212
3271.7412,3914.9634295979467,-643.2222295979468
3068.0064,4031.0531510405553,-963.0467510405551
2356.932,1525.1686175753448,831.763382424655
162.4552,755.850743545981,-593.395543545981
719.064,1531.6912062127212,-812.6272062127213
4456.1994,2858.95052810047,1597.2488718995305
970.7364,1091.0922818992246,-120.35588189922464
1427.4752,1043.5127224820314,383.96247751796864
476.047,190.63464798237828,285.41235201762174
93.8778,1781.140926453064,-1687.263126453064
1689.8004,3011.194974508416,-1321.394574508416
3942.8676,2703.781554229718,1239.086045770282
3004.0896,2926.042044741434,78.04755525856581
223.7088,1099.2021439807245,-875.4933439807245
2665.8632,1747.7126888751495,918.1505111248503
1696.4584,1756.7046280484615,-60.24622804846149
1211.756,1646.8140077752328,-435.0580077752327
2199.8032,2290.5864433974007,-90.78324339740084
677.1186,973.5811490964687,-296.4625490964687
1286.3256,3431.0828876140404,-2144.7572876140403
227.7036,637.2803272896573,-409.5767272896573
151.1366,2526.66309296989,-2375.52649296989
1238.388,1783.5703961639297,-545.1823961639298
2174.5028,1278.814800940252,895.6879990597481
2003.3922,1548.5401921725684,454.85200782743163
4006.7844,1541.812411378231,2464.971988621769
4426.2384,2367.842665033108,2058.395734966892
2581.9724,2338.4048342688566,243.56756573114353
1659.8394,2376.7730968242718,-716.9336968242717
2732.4432,2503.59125938706,228.85194061294033
1366.2216,2546.38634037613,-1180.16474037613
2277.036,2414.904058294448,-137.86805829444802
2956.152,2073.0461133292793,883.1058866707208
2524.0478,2166.176677401471,357.8711225985289
2396.88,3390.7856165150974,-993.9056165150973
2131.2258,3069.0687465310652,-937.8429465310651
820.2656,1603.3820639588932,-783.1164639588933
1523.3504,1784.2400064629333,-260.8896064629332
1682.4766,1122.0152352689852,560.4613647310148
207.7296,1778.8267064098923,-1571.0971064098921
3589.9936,3176.4412922777688,413.55230772223103
1565.9616,2658.065827627288,-1092.1042276272879
1549.9824,2920.9190380519476,-1370.9366380519475
774.9912,3108.416486304119,-2333.4252863041193
2184.4898,1959.842735813098,224.64706418690184
2311.6576,2062.2301291193844,249.4274708806156
2954.1546,2689.1281775476623,265.02642245233756
1911.5118,3032.124795792212,-1120.612995792212
3123.9336,2798.956632701274,324.97696729872587
1102.5648,3031.9797817281483,-1929.4149817281482
